method,case_id,python_executable,python_version,implementation,platform,statistics_kde_available,statistics_kde_random_available,expected_classification,actual_classification,api_exercised,kernel,bandwidth,cumulative_flag,input_count,input_data_hash,evaluation_point,grid_summary,density_value,cdf_value,reference_value,absolute_error,relative_error,estimated_grid_mass,monotonicity_result,alias_pair_result,seed,sample_count,seeded_sequence_digest,repeated_sequence_match,left_density_score,right_density_score,local_density_label,exception_type,exception_message,elapsed_time,skip_reason,failure_reason,narrow_local_conclusion
inspect_api,python_version_marker,/python-lab/.local/bin/python3.14,"3.14.6 (main, Jun 11 2026, 04:03:53) [Clang 22.1.3 ]",CPython,Linux-6.17.0-1009-aws-x86_64-with-glibc2.39,True,True,pass,pass,sys.version/platform,,,,,,,,,,,,,,,,,,,,,,,,,1.2870877981185913e-06,,,
evaluate_pdf,python_version_marker,/python-lab/.local/bin/python3.14,"3.14.6 (main, Jun 11 2026, 04:03:53) [Clang 22.1.3 ]",CPython,Linux-6.17.0-1009-aws-x86_64-with-glibc2.39,True,True,not_applicable,not_applicable,,,,,,,,,,,,,,,,,,,,,,,,,,1.1026859283447266e-06,,,
evaluate_cdf,python_version_marker,/python-lab/.local/bin/python3.14,"3.14.6 (main, Jun 11 2026, 04:03:53) [Clang 22.1.3 ]",CPython,Linux-6.17.0-1009-aws-x86_64-with-glibc2.39,True,True,not_applicable,not_applicable,,,,,,,,,,,,,,,,,,,,,,,,,,6.570480763912201e-07,,,
draw_seeded_samples,python_version_marker,/python-lab/.local/bin/python3.14,"3.14.6 (main, Jun 11 2026, 04:03:53) [Clang 22.1.3 ]",CPython,Linux-6.17.0-1009-aws-x86_64-with-glibc2.39,True,True,not_applicable,not_applicable,,,,,,,,,,,,,,,,,,,,,,,,,,3.2084062695503235e-07,,,
ml_context_observation,python_version_marker,/python-lab/.local/bin/python3.14,"3.14.6 (main, Jun 11 2026, 04:03:53) [Clang 22.1.3 ]",CPython,Linux-6.17.0-1009-aws-x86_64-with-glibc2.39,True,True,pass,pass,,,,,,,,,,,,,,,,,,,,,,,,,,5.699694156646729e-07,,,"version recorded, no ML claim"
inspect_api,statistics_kde_api_marker,/python-lab/.local/bin/python3.14,"3.14.6 (main, Jun 11 2026, 04:03:53) [Clang 22.1.3 ]",CPython,Linux-6.17.0-1009-aws-x86_64-with-glibc2.39,True,True,pass,pass,"statistics.kde (data, h, kernel='normal', *, cumulative=False)",,,,,,,,,,,,,,,,,,,,,,,,,1.2279488146305084e-06,,,
evaluate_pdf,statistics_kde_api_marker,/python-lab/.local/bin/python3.14,"3.14.6 (main, Jun 11 2026, 04:03:53) [Clang 22.1.3 ]",CPython,Linux-6.17.0-1009-aws-x86_64-with-glibc2.39,True,True,not_applicable,not_applicable,,,,,,,,,,,,,,,,,,,,,,,,,,3.5902485251426697e-07,,,
evaluate_cdf,statistics_kde_api_marker,/python-lab/.local/bin/python3.14,"3.14.6 (main, Jun 11 2026, 04:03:53) [Clang 22.1.3 ]",CPython,Linux-6.17.0-1009-aws-x86_64-with-glibc2.39,True,True,not_applicable,not_applicable,,,,,,,,,,,,,,,,,,,,,,,,,,2.682209014892578e-07,,,
draw_seeded_samples,statistics_kde_api_marker,/python-lab/.local/bin/python3.14,"3.14.6 (main, Jun 11 2026, 04:03:53) [Clang 22.1.3 ]",CPython,Linux-6.17.0-1009-aws-x86_64-with-glibc2.39,True,True,not_applicable,not_applicable,,,,,,,,,,,,,,,,,,,,,,,,,,1.8207356333732605e-07,,,
ml_context_observation,statistics_kde_api_marker,/python-lab/.local/bin/python3.14,"3.14.6 (main, Jun 11 2026, 04:03:53) [Clang 22.1.3 ]",CPython,Linux-6.17.0-1009-aws-x86_64-with-glibc2.39,True,True,not_applicable,not_applicable,,,,,,,,,,,,,,,,,,,,,,,,,,1.83936208486557e-07,,,
inspect_api,statistics_kde_random_api_marker,/python-lab/.local/bin/python3.14,"3.14.6 (main, Jun 11 2026, 04:03:53) [Clang 22.1.3 ]",CPython,Linux-6.17.0-1009-aws-x86_64-with-glibc2.39,True,True,pass,pass,"statistics.kde_random (data, h, kernel='normal', *, seed=None)",,,,,,,,,,,,,,,,,,,,,,,,,1.0952353477478027e-06,,,
evaluate_pdf,statistics_kde_random_api_marker,/python-lab/.local/bin/python3.14,"3.14.6 (main, Jun 11 2026, 04:03:53) [Clang 22.1.3 ]",CPython,Linux-6.17.0-1009-aws-x86_64-with-glibc2.39,True,True,not_applicable,not_applicable,,,,,,,,,,,,,,,,,,,,,,,,,,3.4086406230926514e-07,,,
evaluate_cdf,statistics_kde_random_api_marker,/python-lab/.local/bin/python3.14,"3.14.6 (main, Jun 11 2026, 04:03:53) [Clang 22.1.3 ]",CPython,Linux-6.17.0-1009-aws-x86_64-with-glibc2.39,True,True,not_applicable,not_applicable,,,,,,,,,,,,,,,,,,,,,,,,,,2.598389983177185e-07,,,
draw_seeded_samples,statistics_kde_random_api_marker,/python-lab/.local/bin/python3.14,"3.14.6 (main, Jun 11 2026, 04:03:53) [Clang 22.1.3 ]",CPython,Linux-6.17.0-1009-aws-x86_64-with-glibc2.39,True,True,not_applicable,not_applicable,,,,,,,,,,,,,,,,,,,,,,,,,,2.2491440176963806e-07,,,
ml_context_observation,statistics_kde_random_api_marker,/python-lab/.local/bin/python3.14,"3.14.6 (main, Jun 11 2026, 04:03:53) [Clang 22.1.3 ]",CPython,Linux-6.17.0-1009-aws-x86_64-with-glibc2.39,True,True,context_only,context_only,,,,,,,,,,,,,,,,,,,,,,,,,,4.2887404561042786e-07,,,"kde_random is sampling, not ML training"
inspect_api,empty_data_errors_marker,/python-lab/.local/bin/python3.14,"3.14.6 (main, Jun 11 2026, 04:03:53) [Clang 22.1.3 ]",CPython,Linux-6.17.0-1009-aws-x86_64-with-glibc2.39,True,True,not_applicable,not_applicable,,,,,,,,,,,,,,,,,,,,,,,,,,8.158385753631592e-07,,,
evaluate_pdf,empty_data_errors_marker,/python-lab/.local/bin/python3.14,"3.14.6 (main, Jun 11 2026, 04:03:53) [Clang 22.1.3 ]",CPython,Linux-6.17.0-1009-aws-x86_64-with-glibc2.39,True,True,expected_error,expected_error,statistics.kde,,,,0,4f53cda18c2baa0c,,,,,,,,,,,,,,,,,,StatisticsError,Empty data sequence,9.458605200052261e-05,,,
evaluate_cdf,empty_data_errors_marker,/python-lab/.local/bin/python3.14,"3.14.6 (main, Jun 11 2026, 04:03:53) [Clang 22.1.3 ]",CPython,Linux-6.17.0-1009-aws-x86_64-with-glibc2.39,True,True,expected_error,expected_error,statistics.kde,,,,0,4f53cda18c2baa0c,,,,,,,,,,,,,,,,,,StatisticsError,Empty data sequence,4.251301288604736e-05,,,
draw_seeded_samples,empty_data_errors_marker,/python-lab/.local/bin/python3.14,"3.14.6 (main, Jun 11 2026, 04:03:53) [Clang 22.1.3 ]",CPython,Linux-6.17.0-1009-aws-x86_64-with-glibc2.39,True,True,expected_error,expected_error,statistics.kde_random,,,,0,4f53cda18c2baa0c,,,,,,,,,,,,,,,,,,StatisticsError,Empty data sequence,1.437310129404068e-05,,,
ml_context_observation,empty_data_errors_marker,/python-lab/.local/bin/python3.14,"3.14.6 (main, Jun 11 2026, 04:03:53) [Clang 22.1.3 ]",CPython,Linux-6.17.0-1009-aws-x86_64-with-glibc2.39,True,True,not_applicable,not_applicable,,,,,,,,,,,,,,,,,,,,,,,,,,7.48317688703537e-07,,,
inspect_api,single_point_normal_reference_marker,/python-lab/.local/bin/python3.14,"3.14.6 (main, Jun 11 2026, 04:03:53) [Clang 22.1.3 ]",CPython,Linux-6.17.0-1009-aws-x86_64-with-glibc2.39,True,True,not_applicable,not_applicable,,,,,,,,,,,,,,,,,,,,,,,,,,1.0933727025985718e-06,,,
evaluate_pdf,single_point_normal_reference_marker,/python-lab/.local/bin/python3.14,"3.14.6 (main, Jun 11 2026, 04:03:53) [Clang 22.1.3 ]",CPython,Linux-6.17.0-1009-aws-x86_64-with-glibc2.39,True,True,pass,pass,statistics.kde,normal,1.0,,1,37aed087d1cfac1a,"points=[-1.0, 0.0, 1.0]",,0.3989422804014327,,0.3989422804014327,0.0,,,,,,,,,,,,,,5.860486999154091e-05,,,single normal kernel matches math.exp reference
evaluate_cdf,single_point_normal_reference_marker,/python-lab/.local/bin/python3.14,"3.14.6 (main, Jun 11 2026, 04:03:53) [Clang 22.1.3 ]",CPython,Linux-6.17.0-1009-aws-x86_64-with-glibc2.39,True,True,not_applicable,not_applicable,,,,,,,,,,,,,,,,,,,,,,,,,,7.902272045612335e-07,,,
draw_seeded_samples,single_point_normal_reference_marker,/python-lab/.local/bin/python3.14,"3.14.6 (main, Jun 11 2026, 04:03:53) [Clang 22.1.3 ]",CPython,Linux-6.17.0-1009-aws-x86_64-with-glibc2.39,True,True,not_applicable,not_applicable,,,,,,,,,,,,,,,,,,,,,,,,,,4.7497451305389404e-07,,,
ml_context_observation,single_point_normal_reference_marker,/python-lab/.local/bin/python3.14,"3.14.6 (main, Jun 11 2026, 04:03:53) [Clang 22.1.3 ]",CPython,Linux-6.17.0-1009-aws-x86_64-with-glibc2.39,True,True,not_applicable,not_applicable,,,,,,,,,,,,,,,,,,,,,,,,,,4.163011908531189e-07,,,
inspect_api,symmetric_data_pdf_symmetry_marker,/python-lab/.local/bin/python3.14,"3.14.6 (main, Jun 11 2026, 04:03:53) [Clang 22.1.3 ]",CPython,Linux-6.17.0-1009-aws-x86_64-with-glibc2.39,True,True,not_applicable,not_applicable,,,,,,,,,,,,,,,,,,,,,,,,,,6.360933184623718e-07,,,
evaluate_pdf,symmetric_data_pdf_symmetry_marker,/python-lab/.local/bin/python3.14,"3.14.6 (main, Jun 11 2026, 04:03:53) [Clang 22.1.3 ]",CPython,Linux-6.17.0-1009-aws-x86_64-with-glibc2.39,True,True,pass,pass,statistics.kde,normal,0.5,,5,2c6f4fe8680571e9,,,,,,0.0,,,,,,,,,,,,,,8.300784975290298e-05,,,mirrored densities agree for symmetric data
evaluate_cdf,symmetric_data_pdf_symmetry_marker,/python-lab/.local/bin/python3.14,"3.14.6 (main, Jun 11 2026, 04:03:53) [Clang 22.1.3 ]",CPython,Linux-6.17.0-1009-aws-x86_64-with-glibc2.39,True,True,not_applicable,not_applicable,,,,,,,,,,,,,,,,,,,,,,,,,,8.172355592250824e-07,,,
draw_seeded_samples,symmetric_data_pdf_symmetry_marker,/python-lab/.local/bin/python3.14,"3.14.6 (main, Jun 11 2026, 04:03:53) [Clang 22.1.3 ]",CPython,Linux-6.17.0-1009-aws-x86_64-with-glibc2.39,True,True,not_applicable,not_applicable,,,,,,,,,,,,,,,,,,,,,,,,,,4.200264811515808e-07,,,
ml_context_observation,symmetric_data_pdf_symmetry_marker,/python-lab/.local/bin/python3.14,"3.14.6 (main, Jun 11 2026, 04:03:53) [Clang 22.1.3 ]",CPython,Linux-6.17.0-1009-aws-x86_64-with-glibc2.39,True,True,not_applicable,not_applicable,,,,,,,,,,,,,,,,,,,,,,,,,,3.688037395477295e-07,,,
inspect_api,pdf_nonnegative_grid_marker,/python-lab/.local/bin/python3.14,"3.14.6 (main, Jun 11 2026, 04:03:53) [Clang 22.1.3 ]",CPython,Linux-6.17.0-1009-aws-x86_64-with-glibc2.39,True,True,not_applicable,not_applicable,,,,,,,,,,,,,,,,,,,,,,,,,,9.452924132347107e-07,,,
evaluate_pdf,pdf_nonnegative_grid_marker,/python-lab/.local/bin/python3.14,"3.14.6 (main, Jun 11 2026, 04:03:53) [Clang 22.1.3 ]",CPython,Linux-6.17.0-1009-aws-x86_64-with-glibc2.39,True,True,pass,pass,statistics.kde,normal,0.8,,5,2c6f4fe8680571e9,,start=-6.0 stop=6.0 n=25,0.1998242630416534,,,,,,,,,,,,,,,,,0.0001726541668176651,,,"grid min=3.72008e-07 max=0.199824, all finite nonnegative"
evaluate_cdf,pdf_nonnegative_grid_marker,/python-lab/.local/bin/python3.14,"3.14.6 (main, Jun 11 2026, 04:03:53) [Clang 22.1.3 ]",CPython,Linux-6.17.0-1009-aws-x86_64-with-glibc2.39,True,True,not_applicable,not_applicable,,,,,,,,,,,,,,,,,,,,,,,,,,9.881332516670227e-07,,,
draw_seeded_samples,pdf_nonnegative_grid_marker,/python-lab/.local/bin/python3.14,"3.14.6 (main, Jun 11 2026, 04:03:53) [Clang 22.1.3 ]",CPython,Linux-6.17.0-1009-aws-x86_64-with-glibc2.39,True,True,not_applicable,not_applicable,,,,,,,,,,,,,,,,,,,,,,,,,,5.592592060565948e-07,,,
ml_context_observation,pdf_nonnegative_grid_marker,/python-lab/.local/bin/python3.14,"3.14.6 (main, Jun 11 2026, 04:03:53) [Clang 22.1.3 ]",CPython,Linux-6.17.0-1009-aws-x86_64-with-glibc2.39,True,True,not_applicable,not_applicable,,,,,,,,,,,,,,,,,,,,,,,,,,3.962777554988861e-07,,,
inspect_api,pdf_grid_mass_local_observation_marker,/python-lab/.local/bin/python3.14,"3.14.6 (main, Jun 11 2026, 04:03:53) [Clang 22.1.3 ]",CPython,Linux-6.17.0-1009-aws-x86_64-with-glibc2.39,True,True,not_applicable,not_applicable,,,,,,,,,,,,,,,,,,,,,,,,,,9.392388164997101e-07,,,
evaluate_pdf,pdf_grid_mass_local_observation_marker,/python-lab/.local/bin/python3.14,"3.14.6 (main, Jun 11 2026, 04:03:53) [Clang 22.1.3 ]",CPython,Linux-6.17.0-1009-aws-x86_64-with-glibc2.39,True,True,local_observation,local_observation,statistics.kde,normal,0.6,,5,2c6f4fe8680571e9,,start=-8.0 stop=8.0 step=0.05 n=321,,,,,,0.9999999999999999,,,,,,,,,,,,0.0008104159496724606,,,"finite-grid mass ≈ 1.000000, distance from 1.0 = 0.000000"
evaluate_cdf,pdf_grid_mass_local_observation_marker,/python-lab/.local/bin/python3.14,"3.14.6 (main, Jun 11 2026, 04:03:53) [Clang 22.1.3 ]",CPython,Linux-6.17.0-1009-aws-x86_64-with-glibc2.39,True,True,not_applicable,not_applicable,,,,,,,,,,,,,,,,,,,,,,,,,,9.057112038135529e-07,,,
draw_seeded_samples,pdf_grid_mass_local_observation_marker,/python-lab/.local/bin/python3.14,"3.14.6 (main, Jun 11 2026, 04:03:53) [Clang 22.1.3 ]",CPython,Linux-6.17.0-1009-aws-x86_64-with-glibc2.39,True,True,not_applicable,not_applicable,,,,,,,,,,,,,,,,,,,,,,,,,,3.189779818058014e-07,,,
ml_context_observation,pdf_grid_mass_local_observation_marker,/python-lab/.local/bin/python3.14,"3.14.6 (main, Jun 11 2026, 04:03:53) [Clang 22.1.3 ]",CPython,Linux-6.17.0-1009-aws-x86_64-with-glibc2.39,True,True,not_applicable,not_applicable,,,,,,,,,,,,,,,,,,,,,,,,,,2.337619662284851e-07,,,
inspect_api,cdf_monotonic_marker,/python-lab/.local/bin/python3.14,"3.14.6 (main, Jun 11 2026, 04:03:53) [Clang 22.1.3 ]",CPython,Linux-6.17.0-1009-aws-x86_64-with-glibc2.39,True,True,not_applicable,not_applicable,,,,,,,,,,,,,,,,,,,,,,,,,,6.370246410369873e-07,,,
evaluate_pdf,cdf_monotonic_marker,/python-lab/.local/bin/python3.14,"3.14.6 (main, Jun 11 2026, 04:03:53) [Clang 22.1.3 ]",CPython,Linux-6.17.0-1009-aws-x86_64-with-glibc2.39,True,True,not_applicable,not_applicable,,,,,,,,,,,,,,,,,,,,,,,,,,4.3585896492004395e-07,,,
evaluate_cdf,cdf_monotonic_marker,/python-lab/.local/bin/python3.14,"3.14.6 (main, Jun 11 2026, 04:03:53) [Clang 22.1.3 ]",CPython,Linux-6.17.0-1009-aws-x86_64-with-glibc2.39,True,True,pass,pass,statistics.kde,normal,0.5,True,5,2c6f4fe8680571e9,,,,,,,,,min_adjacent_diff=2.56e-13,,,,,,,,,,,6.905989721417427e-05,,,CDF values non-decreasing on grid
draw_seeded_samples,cdf_monotonic_marker,/python-lab/.local/bin/python3.14,"3.14.6 (main, Jun 11 2026, 04:03:53) [Clang 22.1.3 ]",CPython,Linux-6.17.0-1009-aws-x86_64-with-glibc2.39,True,True,not_applicable,not_applicable,,,,,,,,,,,,,,,,,,,,,,,,,,4.2887404561042786e-07,,,
ml_context_observation,cdf_monotonic_marker,/python-lab/.local/bin/python3.14,"3.14.6 (main, Jun 11 2026, 04:03:53) [Clang 22.1.3 ]",CPython,Linux-6.17.0-1009-aws-x86_64-with-glibc2.39,True,True,not_applicable,not_applicable,,,,,,,,,,,,,,,,,,,,,,,,,,2.1792948246002197e-07,,,
inspect_api,compact_kernel_tail_bounds_marker,/python-lab/.local/bin/python3.14,"3.14.6 (main, Jun 11 2026, 04:03:53) [Clang 22.1.3 ]",CPython,Linux-6.17.0-1009-aws-x86_64-with-glibc2.39,True,True,not_applicable,not_applicable,,,,,,,,,,,,,,,,,,,,,,,,,,6.002373993396759e-07,,,
evaluate_pdf,compact_kernel_tail_bounds_marker,/python-lab/.local/bin/python3.14,"3.14.6 (main, Jun 11 2026, 04:03:53) [Clang 22.1.3 ]",CPython,Linux-6.17.0-1009-aws-x86_64-with-glibc2.39,True,True,not_applicable,not_applicable,,,,,,,,,,,,,,,,,,,,,,,,,,3.3620744943618774e-07,,,
evaluate_cdf,compact_kernel_tail_bounds_marker,/python-lab/.local/bin/python3.14,"3.14.6 (main, Jun 11 2026, 04:03:53) [Clang 22.1.3 ]",CPython,Linux-6.17.0-1009-aws-x86_64-with-glibc2.39,True,True,pass,pass,statistics.kde,uniform,0.5,True,3,b43d4e517e4af858,,,,1.0,,,,,,,,,,,,,,,,2.407701686024666e-05,,,tail low=0 high=1
draw_seeded_samples,compact_kernel_tail_bounds_marker,/python-lab/.local/bin/python3.14,"3.14.6 (main, Jun 11 2026, 04:03:53) [Clang 22.1.3 ]",CPython,Linux-6.17.0-1009-aws-x86_64-with-glibc2.39,True,True,not_applicable,not_applicable,,,,,,,,,,,,,,,,,,,,,,,,,,2.2165477275848389e-07,,,
ml_context_observation,compact_kernel_tail_bounds_marker,/python-lab/.local/bin/python3.14,"3.14.6 (main, Jun 11 2026, 04:03:53) [Clang 22.1.3 ]",CPython,Linux-6.17.0-1009-aws-x86_64-with-glibc2.39,True,True,not_applicable,not_applicable,,,,,,,,,,,,,,,,,,,,,,,,,,2.169981598854065e-07,,,
inspect_api,pdf_cdf_finite_difference_marker,/python-lab/.local/bin/python3.14,"3.14.6 (main, Jun 11 2026, 04:03:53) [Clang 22.1.3 ]",CPython,Linux-6.17.0-1009-aws-x86_64-with-glibc2.39,True,True,not_applicable,not_applicable,,,,,,,,,,,,,,,,,,,,,,,,,,1.5445984899997711e-06,,,
evaluate_pdf,pdf_cdf_finite_difference_marker,/python-lab/.local/bin/python3.14,"3.14.6 (main, Jun 11 2026, 04:03:53) [Clang 22.1.3 ]",CPython,Linux-6.17.0-1009-aws-x86_64-with-glibc2.39,True,True,local_observation,local_observation,statistics.kde,normal,0.6,,5,2c6f4fe8680571e9,0.5,,0.199649371605877,,,,,,,,,,,,,,,,,1.3799872249364853e-05,,,pdf at interior point recorded
evaluate_cdf,pdf_cdf_finite_difference_marker,/python-lab/.local/bin/python3.14,"3.14.6 (main, Jun 11 2026, 04:03:53) [Clang 22.1.3 ]",CPython,Linux-6.17.0-1009-aws-x86_64-with-glibc2.39,True,True,local_observation,local_observation,statistics.kde,normal,0.6,True,5,2c6f4fe8680571e9,0.5,,0.199649371605877,0.5999969091406235,,1.9655083116632e-11,9.844800891952029e-11,,,,,,,,,,,,,2.3066066205501556e-05,,,pdf=0.199649 fd=0.199649 abs_err=1.97e-11
draw_seeded_samples,pdf_cdf_finite_difference_marker,/python-lab/.local/bin/python3.14,"3.14.6 (main, Jun 11 2026, 04:03:53) [Clang 22.1.3 ]",CPython,Linux-6.17.0-1009-aws-x86_64-with-glibc2.39,True,True,not_applicable,not_applicable,,,,,,,,,,,,,,,,,,,,,,,,,,6.998889148235321e-07,,,
ml_context_observation,pdf_cdf_finite_difference_marker,/python-lab/.local/bin/python3.14,"3.14.6 (main, Jun 11 2026, 04:03:53) [Clang 22.1.3 ]",CPython,Linux-6.17.0-1009-aws-x86_64-with-glibc2.39,True,True,not_applicable,not_applicable,,,,,,,,,,,,,,,,,,,,,,,,,,4.2282044887542725e-07,,,
inspect_api,narrow_vs_wide_bandwidth_marker,/python-lab/.local/bin/python3.14,"3.14.6 (main, Jun 11 2026, 04:03:53) [Clang 22.1.3 ]",CPython,Linux-6.17.0-1009-aws-x86_64-with-glibc2.39,True,True,not_applicable,not_applicable,,,,,,,,,,,,,,,,,,,,,,,,,,8.638016879558563e-07,,,
evaluate_pdf,narrow_vs_wide_bandwidth_marker,/python-lab/.local/bin/python3.14,"3.14.6 (main, Jun 11 2026, 04:03:53) [Clang 22.1.3 ]",CPython,Linux-6.17.0-1009-aws-x86_64-with-glibc2.39,True,True,local_observation,local_observation,statistics.kde,normal,0.2,,5,2c6f4fe8680571e9,,n=33 narrow_rough=3.709 wide_rough=0.3026,,,,,,,,,,,,,,,,,,0.000117473304271698,,,narrow bandwidth preserves more local variation for this sample; not a universal rule
evaluate_cdf,narrow_vs_wide_bandwidth_marker,/python-lab/.local/bin/python3.14,"3.14.6 (main, Jun 11 2026, 04:03:53) [Clang 22.1.3 ]",CPython,Linux-6.17.0-1009-aws-x86_64-with-glibc2.39,True,True,not_applicable,not_applicable,,,,,,,,,,,,,,,,,,,,,,,,,,7.348135113716125e-07,,,
draw_seeded_samples,narrow_vs_wide_bandwidth_marker,/python-lab/.local/bin/python3.14,"3.14.6 (main, Jun 11 2026, 04:03:53) [Clang 22.1.3 ]",CPython,Linux-6.17.0-1009-aws-x86_64-with-glibc2.39,True,True,not_applicable,not_applicable,,,,,,,,,,,,,,,,,,,,,,,,,,4.3958425521850586e-07,,,
ml_context_observation,narrow_vs_wide_bandwidth_marker,/python-lab/.local/bin/python3.14,"3.14.6 (main, Jun 11 2026, 04:03:53) [Clang 22.1.3 ]",CPython,Linux-6.17.0-1009-aws-x86_64-with-glibc2.39,True,True,not_applicable,not_applicable,,,,,,,,,,,,,,,,,,,,,,,,,,2.752058207988739e-07,,,
inspect_api,compact_support_zero_outside_marker,/python-lab/.local/bin/python3.14,"3.14.6 (main, Jun 11 2026, 04:03:53) [Clang 22.1.3 ]",CPython,Linux-6.17.0-1009-aws-x86_64-with-glibc2.39,True,True,not_applicable,not_applicable,,,,,,,,,,,,,,,,,,,,,,,,,,6.142072379589081e-07,,,
evaluate_pdf,compact_support_zero_outside_marker,/python-lab/.local/bin/python3.14,"3.14.6 (main, Jun 11 2026, 04:03:53) [Clang 22.1.3 ]",CPython,Linux-6.17.0-1009-aws-x86_64-with-glibc2.39,True,True,pass,pass,statistics.kde,uniform,0.5,,1,37aed087d1cfac1a,,,1.0,,,,,,,,,,,,,,,,,2.483278512954712e-05,,,"outside=[0.0, 0.0] inside=1"
evaluate_cdf,compact_support_zero_outside_marker,/python-lab/.local/bin/python3.14,"3.14.6 (main, Jun 11 2026, 04:03:53) [Clang 22.1.3 ]",CPython,Linux-6.17.0-1009-aws-x86_64-with-glibc2.39,True,True,not_applicable,not_applicable,,,,,,,,,,,,,,,,,,,,,,,,,,4.470348358154297e-07,,,
draw_seeded_samples,compact_support_zero_outside_marker,/python-lab/.local/bin/python3.14,"3.14.6 (main, Jun 11 2026, 04:03:53) [Clang 22.1.3 ]",CPython,Linux-6.17.0-1009-aws-x86_64-with-glibc2.39,True,True,not_applicable,not_applicable,,,,,,,,,,,,,,,,,,,,,,,,,,2.738088369369507e-07,,,
ml_context_observation,compact_support_zero_outside_marker,/python-lab/.local/bin/python3.14,"3.14.6 (main, Jun 11 2026, 04:03:53) [Clang 22.1.3 ]",CPython,Linux-6.17.0-1009-aws-x86_64-with-glibc2.39,True,True,not_applicable,not_applicable,,,,,,,,,,,,,,,,,,,,,,,,,,2.0582228899002075e-07,,,
inspect_api,kernel_alias_equivalence_marker,/python-lab/.local/bin/python3.14,"3.14.6 (main, Jun 11 2026, 04:03:53) [Clang 22.1.3 ]",CPython,Linux-6.17.0-1009-aws-x86_64-with-glibc2.39,True,True,pass,pass,statistics.kde kernel aliases,,,,,,,,,,,,,,,,,,,,,,,,,1.4202669262886047e-06,,,
evaluate_pdf,kernel_alias_equivalence_marker,/python-lab/.local/bin/python3.14,"3.14.6 (main, Jun 11 2026, 04:03:53) [Clang 22.1.3 ]",CPython,Linux-6.17.0-1009-aws-x86_64-with-glibc2.39,True,True,pass,pass,statistics.kde,,,,3,b43d4e517e4af858,,,,,,0.0,,,,"{""normal/gauss"": 0.0, ""rectangular/uniform"": 0.0, ""parabolic/epanechnikov"": 0.0, ""quartic/biweight"": 0.0}",,,,,,,,,,0.00018133502453565598,,,alias max_diff=0
evaluate_cdf,kernel_alias_equivalence_marker,/python-lab/.local/bin/python3.14,"3.14.6 (main, Jun 11 2026, 04:03:53) [Clang 22.1.3 ]",CPython,Linux-6.17.0-1009-aws-x86_64-with-glibc2.39,True,True,not_applicable,not_applicable,,,,,,,,,,,,,,,,,,,,,,,,,,7.767230272293091e-07,,,
draw_seeded_samples,kernel_alias_equivalence_marker,/python-lab/.local/bin/python3.14,"3.14.6 (main, Jun 11 2026, 04:03:53) [Clang 22.1.3 ]",CPython,Linux-6.17.0-1009-aws-x86_64-with-glibc2.39,True,True,not_applicable,not_applicable,,,,,,,,,,,,,,,,,,,,,,,,,,4.5262277126312256e-07,,,
ml_context_observation,kernel_alias_equivalence_marker,/python-lab/.local/bin/python3.14,"3.14.6 (main, Jun 11 2026, 04:03:53) [Clang 22.1.3 ]",CPython,Linux-6.17.0-1009-aws-x86_64-with-glibc2.39,True,True,not_applicable,not_applicable,,,,,,,,,,,,,,,,,,,,,,,,,,3.371387720108032e-07,,,
inspect_api,duplicate_samples_peak_marker,/python-lab/.local/bin/python3.14,"3.14.6 (main, Jun 11 2026, 04:03:53) [Clang 22.1.3 ]",CPython,Linux-6.17.0-1009-aws-x86_64-with-glibc2.39,True,True,not_applicable,not_applicable,,,,,,,,,,,,,,,,,,,,,,,,,,5.937181413173676e-07,,,
evaluate_pdf,duplicate_samples_peak_marker,/python-lab/.local/bin/python3.14,"3.14.6 (main, Jun 11 2026, 04:03:53) [Clang 22.1.3 ]",CPython,Linux-6.17.0-1009-aws-x86_64-with-glibc2.39,True,True,pass,pass,statistics.kde,normal,0.5,,3,c42502d9a3cb8c3b,,,0.7978845608028654,,,,,,,,,,,,,,,,,1.5327706933021545e-05,,,"center=0.7979 far=0.0002677, duplicated input is not independent evidence"
evaluate_cdf,duplicate_samples_peak_marker,/python-lab/.local/bin/python3.14,"3.14.6 (main, Jun 11 2026, 04:03:53) [Clang 22.1.3 ]",CPython,Linux-6.17.0-1009-aws-x86_64-with-glibc2.39,True,True,not_applicable,not_applicable,,,,,,,,,,,,,,,,,,,,,,,,,,3.67872416973114e-07,,,
draw_seeded_samples,duplicate_samples_peak_marker,/python-lab/.local/bin/python3.14,"3.14.6 (main, Jun 11 2026, 04:03:53) [Clang 22.1.3 ]",CPython,Linux-6.17.0-1009-aws-x86_64-with-glibc2.39,True,True,not_applicable,not_applicable,,,,,,,,,,,,,,,,,,,,,,,,,,2.60770320892334e-07,,,
ml_context_observation,duplicate_samples_peak_marker,/python-lab/.local/bin/python3.14,"3.14.6 (main, Jun 11 2026, 04:03:53) [Clang 22.1.3 ]",CPython,Linux-6.17.0-1009-aws-x86_64-with-glibc2.39,True,True,not_applicable,not_applicable,,,,,,,,,,,,,,,,,,,,,,,,,,2.0815059542655945e-07,,,
inspect_api,outlier_reweighting_local_observation_marker,/python-lab/.local/bin/python3.14,"3.14.6 (main, Jun 11 2026, 04:03:53) [Clang 22.1.3 ]",CPython,Linux-6.17.0-1009-aws-x86_64-with-glibc2.39,True,True,not_applicable,not_applicable,,,,,,,,,,,,,,,,,,,,,,,,,,7.236376404762268e-07,,,
evaluate_pdf,outlier_reweighting_local_observation_marker,/python-lab/.local/bin/python3.14,"3.14.6 (main, Jun 11 2026, 04:03:53) [Clang 22.1.3 ]",CPython,Linux-6.17.0-1009-aws-x86_64-with-glibc2.39,True,True,local_observation,local_observation,statistics.kde,normal,0.6,,4,a23d52be028faf6e,,,,,,,,,,,,,,,,,,,,4.2786356061697006e-05,,,"base@[0,20]=[0.3321647544371834, 3.937402644738488e-219] outlier@[0,20]=[0.24912356582788756, 0.16622595016726363]; outlier changes all mixture weights"
evaluate_cdf,outlier_reweighting_local_observation_marker,/python-lab/.local/bin/python3.14,"3.14.6 (main, Jun 11 2026, 04:03:53) [Clang 22.1.3 ]",CPython,Linux-6.17.0-1009-aws-x86_64-with-glibc2.39,True,True,not_applicable,not_applicable,,,,,,,,,,,,,,,,,,,,,,,,,,4.810281097888947e-07,,,
draw_seeded_samples,outlier_reweighting_local_observation_marker,/python-lab/.local/bin/python3.14,"3.14.6 (main, Jun 11 2026, 04:03:53) [Clang 22.1.3 ]",CPython,Linux-6.17.0-1009-aws-x86_64-with-glibc2.39,True,True,not_applicable,not_applicable,,,,,,,,,,,,,,,,,,,,,,,,,,2.5890767574310303e-07,,,
ml_context_observation,outlier_reweighting_local_observation_marker,/python-lab/.local/bin/python3.14,"3.14.6 (main, Jun 11 2026, 04:03:53) [Clang 22.1.3 ]",CPython,Linux-6.17.0-1009-aws-x86_64-with-glibc2.39,True,True,not_applicable,not_applicable,,,,,,,,,,,,,,,,,,,,,,,,,,1.9883736968040466e-07,,,
inspect_api,seeded_kde_random_repeatability_marker,/python-lab/.local/bin/python3.14,"3.14.6 (main, Jun 11 2026, 04:03:53) [Clang 22.1.3 ]",CPython,Linux-6.17.0-1009-aws-x86_64-with-glibc2.39,True,True,not_applicable,not_applicable,,,,,,,,,,,,,,,,,,,,,,,,,,6.202608346939087e-07,,,
evaluate_pdf,seeded_kde_random_repeatability_marker,/python-lab/.local/bin/python3.14,"3.14.6 (main, Jun 11 2026, 04:03:53) [Clang 22.1.3 ]",CPython,Linux-6.17.0-1009-aws-x86_64-with-glibc2.39,True,True,not_applicable,not_applicable,,,,,,,,,,,,,,,,,,,,,,,,,,3.3527612686157227e-07,,,
evaluate_cdf,seeded_kde_random_repeatability_marker,/python-lab/.local/bin/python3.14,"3.14.6 (main, Jun 11 2026, 04:03:53) [Clang 22.1.3 ]",CPython,Linux-6.17.0-1009-aws-x86_64-with-glibc2.39,True,True,not_applicable,not_applicable,,,,,,,,,,,,,,,,,,,,,,,,,,2.6263296604156494e-07,,,
draw_seeded_samples,seeded_kde_random_repeatability_marker,/python-lab/.local/bin/python3.14,"3.14.6 (main, Jun 11 2026, 04:03:53) [Clang 22.1.3 ]",CPython,Linux-6.17.0-1009-aws-x86_64-with-glibc2.39,True,True,pass,pass,statistics.kde_random,normal,0.5,,5,2c6f4fe8680571e9,,,,,,,,,,,42,10,add39ce9217b2d8c3965a087bf8690d05746a8dd4fef86983f213eeb10fe4339,True,,,,,,9.003421291708946e-05,,,seeded sequences match locally
ml_context_observation,seeded_kde_random_repeatability_marker,/python-lab/.local/bin/python3.14,"3.14.6 (main, Jun 11 2026, 04:03:53) [Clang 22.1.3 ]",CPython,Linux-6.17.0-1009-aws-x86_64-with-glibc2.39,True,True,not_applicable,not_applicable,,,,,,,,,,,,,,,,,,,,,,,,,,3.7206336855888367e-07,,,
inspect_api,seeded_sequence_cross_version_disclaimer_marker,/python-lab/.local/bin/python3.14,"3.14.6 (main, Jun 11 2026, 04:03:53) [Clang 22.1.3 ]",CPython,Linux-6.17.0-1009-aws-x86_64-with-glibc2.39,True,True,not_applicable,not_applicable,,,,,,,,,,,,,,,,,,,,,,,,,,6.84056431055069e-07,,,
evaluate_pdf,seeded_sequence_cross_version_disclaimer_marker,/python-lab/.local/bin/python3.14,"3.14.6 (main, Jun 11 2026, 04:03:53) [Clang 22.1.3 ]",CPython,Linux-6.17.0-1009-aws-x86_64-with-glibc2.39,True,True,not_applicable,not_applicable,,,,,,,,,,,,,,,,,,,,,,,,,,4.5821070671081543e-07,,,
evaluate_cdf,seeded_sequence_cross_version_disclaimer_marker,/python-lab/.local/bin/python3.14,"3.14.6 (main, Jun 11 2026, 04:03:53) [Clang 22.1.3 ]",CPython,Linux-6.17.0-1009-aws-x86_64-with-glibc2.39,True,True,not_applicable,not_applicable,,,,,,,,,,,,,,,,,,,,,,,,,,3.3620744943618774e-07,,,
draw_seeded_samples,seeded_sequence_cross_version_disclaimer_marker,/python-lab/.local/bin/python3.14,"3.14.6 (main, Jun 11 2026, 04:03:53) [Clang 22.1.3 ]",CPython,Linux-6.17.0-1009-aws-x86_64-with-glibc2.39,True,True,context_only,context_only,,,,,,,,,,,,,,,,,,,,,,,,,,4.731118679046631e-07,,,"seed gives local repeatability, not cross-version bit identity"
ml_context_observation,seeded_sequence_cross_version_disclaimer_marker,/python-lab/.local/bin/python3.14,"3.14.6 (main, Jun 11 2026, 04:03:53) [Clang 22.1.3 ]",CPython,Linux-6.17.0-1009-aws-x86_64-with-glibc2.39,True,True,context_only,context_only,,,,,,,,,,,,,,,,,,,,,,,,,,4.3492764234542847e-07,,,"seed gives local repeatability, not cross-version bit identity"
inspect_api,tiny_density_threshold_classifier_marker,/python-lab/.local/bin/python3.14,"3.14.6 (main, Jun 11 2026, 04:03:53) [Clang 22.1.3 ]",CPython,Linux-6.17.0-1009-aws-x86_64-with-glibc2.39,True,True,not_applicable,not_applicable,,,,,,,,,,,,,,,,,,,,,,,,,,5.168840289115906e-07,,,
evaluate_pdf,tiny_density_threshold_classifier_marker,/python-lab/.local/bin/python3.14,"3.14.6 (main, Jun 11 2026, 04:03:53) [Clang 22.1.3 ]",CPython,Linux-6.17.0-1009-aws-x86_64-with-glibc2.39,True,True,not_applicable,not_applicable,,,,,,,,,,,,,,,,,,,,,,,,,,3.259629011154175e-07,,,
evaluate_cdf,tiny_density_threshold_classifier_marker,/python-lab/.local/bin/python3.14,"3.14.6 (main, Jun 11 2026, 04:03:53) [Clang 22.1.3 ]",CPython,Linux-6.17.0-1009-aws-x86_64-with-glibc2.39,True,True,not_applicable,not_applicable,,,,,,,,,,,,,,,,,,,,,,,,,,2.537854015827179e-07,,,
draw_seeded_samples,tiny_density_threshold_classifier_marker,/python-lab/.local/bin/python3.14,"3.14.6 (main, Jun 11 2026, 04:03:53) [Clang 22.1.3 ]",CPython,Linux-6.17.0-1009-aws-x86_64-with-glibc2.39,True,True,not_applicable,not_applicable,,,,,,,,,,,,,,,,,,,,,,,,,,2.1606683731079102e-07,,,
ml_context_observation,tiny_density_threshold_classifier_marker,/python-lab/.local/bin/python3.14,"3.14.6 (main, Jun 11 2026, 04:03:53) [Clang 22.1.3 ]",CPython,Linux-6.17.0-1009-aws-x86_64-with-glibc2.39,True,True,local_observation,local_observation,statistics.kde,normal,0.3,,,,,,,,,,,,,,,,,,1.1531536571623748,6.40728320720486e-36,left,,,1.6742851585149765e-05,,,density comparison is not a validated classifier; no accuracy computed; 1-D toy only
inspect_api,no_global_ml_validity_claim_marker,/python-lab/.local/bin/python3.14,"3.14.6 (main, Jun 11 2026, 04:03:53) [Clang 22.1.3 ]",CPython,Linux-6.17.0-1009-aws-x86_64-with-glibc2.39,True,True,context_only,context_only,,,,,,,,,,,,,,,,,,,,,,,,,,6.030313670635223e-07,,,no global ML validity claim
evaluate_pdf,no_global_ml_validity_claim_marker,/python-lab/.local/bin/python3.14,"3.14.6 (main, Jun 11 2026, 04:03:53) [Clang 22.1.3 ]",CPython,Linux-6.17.0-1009-aws-x86_64-with-glibc2.39,True,True,context_only,context_only,,,,,,,,,,,,,,,,,,,,,,,,,,3.5390257835388184e-07,,,no global ML validity claim
evaluate_cdf,no_global_ml_validity_claim_marker,/python-lab/.local/bin/python3.14,"3.14.6 (main, Jun 11 2026, 04:03:53) [Clang 22.1.3 ]",CPython,Linux-6.17.0-1009-aws-x86_64-with-glibc2.39,True,True,context_only,context_only,,,,,,,,,,,,,,,,,,,,,,,,,,2.761371433734894e-07,,,no global ML validity claim
draw_seeded_samples,no_global_ml_validity_claim_marker,/python-lab/.local/bin/python3.14,"3.14.6 (main, Jun 11 2026, 04:03:53) [Clang 22.1.3 ]",CPython,Linux-6.17.0-1009-aws-x86_64-with-glibc2.39,True,True,context_only,context_only,,,,,,,,,,,,,,,,,,,,,,,,,,1.9790604710578918e-07,,,no global ML validity claim
ml_context_observation,no_global_ml_validity_claim_marker,/python-lab/.local/bin/python3.14,"3.14.6 (main, Jun 11 2026, 04:03:53) [Clang 22.1.3 ]",CPython,Linux-6.17.0-1009-aws-x86_64-with-glibc2.39,True,True,context_only,context_only,,,,,,,,,,,,,,,,,,,,,,,,,,2.2118911147117615e-07,,,no global ML validity claim
